{"created_at":"Wed May 17 22:54:56 +0000 2017","id":864977564678463488,"id_str":"864977564678463488","text":"Reanimating a creature with X in its cost https:\/\/t.co\/GDPpD7EEVU #magicthegathering","source":"\u003ca href=\"http:\/\/www.stackexchange.com\" rel=\"nofollow\"\u003eStack Exchange\u003c\/a\u003e","truncated":false,"in_reply_to_status_id":null,"in_reply_to_status_id_str":null,"in_reply_to_user_id":null,"in_reply_to_user_id_str":null,"in_reply_to_screen_name":null,"user":{"id":235568259,"id_str":"235568259","name":"BoardGames SE","screen_name":"StackBoardGames","location":"The Stack Exchange network","url":"http:\/\/boardgames.stackexchange.com","description":"A Q&A site for people who like playing board games, designing board games or modifying the rules of existing board games","protected":false,"verified":false,"followers_count":512,"friends_count":0,"listed_count":34,"favourites_count":0,"statuses_count":5364,"created_at":"Sat Jan 08 14:44:54 +0000 2011","utc_offset":-14400,"time_zone":"Eastern Time (US & Canada)","geo_enabled":false,"lang":"en","contributors_enabled":false,"is_translator":false,"profile_background_color":"C0DEED","profile_background_image_url":"http:\/\/pbs.twimg.com\/profile_background_images\/463455240\/profile-image.png","profile_background_image_url_https":"https:\/\/pbs.twimg.com\/profile_background_images\/463455240\/profile-image.png","profile_background_tile":true,"profile_link_color":"366FB3","profile_sidebar_border_color":"C0DEED","profile_sidebar_fill_color":"DDEEF6","profile_text_color":"333333","profile_use_background_image":true,"profile_image_url":"http:\/\/pbs.twimg.com\/profile_images\/1943184276\/profile-image_normal.png","profile_image_url_https":"https:\/\/pbs.twimg.com\/profile_images\/1943184276\/profile-image_normal.png","default_profile":false,"default_profile_image":false,"following":null,"follow_request_sent":null,"notifications":null},"geo":null,"coordinates":null,"place":null,"contributors":null,"is_quote_status":false,"retweet_count":0,"favorite_count":0,"entities":{"hashtags":[{"text":"magicthegathering","indices":[66,84]}],"urls":[{"url":"https:\/\/t.co\/GDPpD7EEVU","expanded_url":"https:\/\/boardgames.stackexchange.com\/q\/35289?atw=1","display_url":"boardgames.stackexchange.com\/q\/35289?atw=1","indices":[42,65]}],"user_mentions":[],"symbols":[]},"favorited":false,"retweeted":false,"possibly_sensitive":false,"filter_level":"low","lang":"en","timestamp_ms":"1495061696582"}
{"created_at":"Wed May 17 22:57:29 +0000 2017","id":864978208046825472,"id_str":"864978208046825472","text":"\u3068\u308a\u3042\u3048\u305aEDH\u306e\u9f8d\u738b\u30a2\u30bf\u30eb\u30ab\u5b8c\u6210\u3002\u3068\u306f\u8a00\u3063\u3066\u3082\u5f37\u5316\u30b9\u30da\u30eb\u306e\u30d0\u30e9\u30f3\u30b9\u304c\u5fae\u5999\u3060\u304b\u3089\u5b9f\u6226\u3067\u8abf\u6574\u3057\u306a\u3044\u3068\u3002","source":"\u003ca href=\"http:\/\/twitter.com\/download\/iphone\" rel=\"nofollow\"\u003eTwitter for iPhone\u003c\/a\u003e","truncated":false,"in_reply_to_status_id":null,"in_reply_to_status_id_str":null,"in_reply_to_user_id":null,"in_reply_to_user_id_str":null,"in_reply_to_screen_name":null,"user":{"id":1097432725,"id_str":"1097432725","name":"\u30ef\u30bf\u30ea\u30c9\u30ea","screen_name":"napuuukin","location":"\u611b\u77e5","url":"http:\/\/napuuukin1236.diarynote.jp\/","description":"\u611b\u77e5\u770c\u5728\u4f4f\u306eMTG(EDH)\u30d7\u30ec\u30a4\u30e4\u30fc\u3002","protected":false,"verified":false,"followers_count":16,"friends_count":54,"listed_count":0,"favourites_count":1,"statuses_count":10,"created_at":"Thu Jan 17 06:58:30 +0000 2013","utc_offset":28800,"time_zone":"Irkutsk","geo_enabled":false,"lang":"ja","contributors_enabled":false,"is_translator":false,"profile_background_color":"1A1B1F","profile_background_image_url":"http:\/\/abs.twimg.com\/images\/themes\/theme9\/bg.gif","profile_background_image_url_https":"https:\/\/abs.twimg.com\/images\/themes\/theme9\/bg.gif","profile_background_tile":false,"profile_link_color":"2FC2EF","profile_sidebar_border_color":"181A1E","profile_sidebar_fill_color":"252429","profile_text_color":"666666","profile_use_background_image":true,"profile_image_url":"http:\/\/pbs.twimg.com\/profile_images\/756715974250725377\/SESGjH3A_normal.jpg","profile_image_url_https":"https:\/\/pbs.twimg.com\/profile_images\/756715974250725377\/SESGjH3A_normal.jpg","profile_banner_url":"https:\/\/pbs.twimg.com\/profile_banners\/1097432725\/1408283016","default_profile":false,"default_profile_image":false,"following":null,"follow_request_sent":null,"notifications":null},"geo":null,"coordinates":null,"place":null,"contributors":null,"is_quote_status":false,"retweet_count":0,"favorite_count":0,"entities":{"hashtags":[],"urls":[],"user_mentions":[],"symbols":[]},"favorited":false,"retweeted":false,"filter_level":"low","lang":"ja","timestamp_ms":"1495061849973"}
{"created_at":"Wed May 17 23:00:14 +0000 2017","id":864978896411918336,"id_str":"864978896411918336","text":"#MagicTheGathering Card Review - Aethermage's Touch - #mtg #tcg https:\/\/t.co\/cESg4ynHa2","source":"\u003ca href=\"http:\/\/www.hootsuite.com\" rel=\"nofollow\"\u003eHootsuite\u003c\/a\u003e","truncated":false,"in_reply_to_status_id":null,"in_reply_to_status_id_str":null,"in_reply_to_user_id":null,"in_reply_to_user_id_str":null,"in_reply_to_screen_name":null,"user":{"id":6265452,"id_str":"6265452","name":"Lyn Lomasi","screen_name":"LynLomasi","location":"Aurora, CO","url":"http:\/\/www.articlewriterforhire.com\/lyn-lomasi","description":"Owner & #cmgr @writewavemedia #writers #pets #GuestPosts #moms #LGBT #Music #homeless  #Denver #Parents #natural #Homeschool #Ed #free #RV #RVLife #babies","protected":false,"verified":false,"followers_count":7645,"friends_count":7375,"listed_count":486,"favourites_count":640,"statuses_count":51889,"created_at":"Wed May 23 16:40:50 +0000 2007","utc_offset":-21600,"time_zone":"Mountain Time (US & Canada)","geo_enabled":true,"lang":"en","contributors_enabled":false,"is_translator":false,"profile_background_color":"303D5D","profile_background_image_url":"http:\/\/pbs.twimg.com\/profile_background_images\/628113915\/j6mcft5t855ren56tq32.jpeg","profile_background_image_url_https":"https:\/\/pbs.twimg.com\/profile_background_images\/628113915\/j6mcft5t855ren56tq32.jpeg","profile_background_tile":true,"profile_link_color":"A321C4","profile_sidebar_border_color":"C2C5D1","profile_sidebar_fill_color":"C2C5D1","profile_text_color":"47484D","profile_use_background_image":true,"profile_image_url":"http:\/\/pbs.twimg.com\/profile_images\/857993641826144256\/ZxYbMCJv_normal.jpg","profile_image_url_https":"https:\/\/pbs.twimg.com\/profile_images\/857993641826144256\/ZxYbMCJv_normal.jpg","profile_banner_url":"https:\/\/pbs.twimg.com\/profile_banners\/6265452\/1475179289","default_profile":false,"default_profile_image":false,"following":null,"follow_request_sent":null,"notifications":null},"geo":null,"coordinates":null,"place":null,"contributors":null,"is_quote_status":false,"retweet_count":0,"favorite_count":0,"entities":{"hashtags":[{"text":"MagicTheGathering","indices":[0,18]},{"text":"mtg","indices":[54,58]},{"text":"tcg","indices":[59,63]}],"urls":[{"url":"https:\/\/t.co\/cESg4ynHa2","expanded_url":"http:\/\/ow.ly\/astu30bHqkp","display_url":"ow.ly\/astu30bHqkp","indices":[64,87]}],"user_mentions":[],"symbols":[]},"favorited":false,"retweeted":false,"possibly_sensitive":false,"filter_level":"low","lang":"en","timestamp_ms":"1495062014092"}
{"created_at":"Wed May 17 23:00:51 +0000 2017","id":864979052213534723,"id_str":"864979052213534723","text":"#MagicTheGathering Card Review - Aethermage's Touch - #mtg #tcg https:\/\/t.co\/Pkc8PMIJnm","source":"\u003ca href=\"http:\/\/www.hootsuite.com\" rel=\"nofollow\"\u003eHootsuite\u003c\/a\u003e","truncated":false,"in_reply_to_status_id":null,"in_reply_to_status_id_str":null,"in_reply_to_user_id":null,"in_reply_to_user_id_str":null,"in_reply_to_screen_name":null,"user":{"id":239044662,"id_str":"239044662","name":"Write W.A.V.E. Media","screen_name":"writewavemedia","location":"Aurora, Colorado","url":"http:\/\/www.writewavemedia.com","description":"Write WAVE Media is a #media & #marketing company by @LynLomasi &  @thewriterrich. We believe in #advocacy through #journalism. #Submissions by #writers welcome","protected":false,"verified":false,"followers_count":965,"friends_count":1423,"listed_count":291,"favourites_count":63,"statuses_count":10033,"created_at":"Sun Jan 16 17:34:19 +0000 2011","utc_offset":null,"time_zone":null,"geo_enabled":false,"lang":"en","contributors_enabled":false,"is_translator":false,"profile_background_color":"591B4B","profile_background_image_url":"http:\/\/pbs.twimg.com\/profile_background_images\/271767460\/x7df501482264df05e6902e9a7323ead.png","profile_background_image_url_https":"https:\/\/pbs.twimg.com\/profile_background_images\/271767460\/x7df501482264df05e6902e9a7323ead.png","profile_background_tile":true,"profile_link_color":"58145E","profile_sidebar_border_color":"5DC0BD","profile_sidebar_fill_color":"ADE0D5","profile_text_color":"7135C8","profile_use_background_image":true,"profile_image_url":"http:\/\/pbs.twimg.com\/profile_images\/548503855789395968\/dI32SBnB_normal.jpeg","profile_image_url_https":"https:\/\/pbs.twimg.com\/profile_images\/548503855789395968\/dI32SBnB_normal.jpeg","profile_banner_url":"https:\/\/pbs.twimg.com\/profile_banners\/239044662\/1419608352","default_profile":false,"default_profile_image":false,"following":null,"follow_request_sent":null,"notifications":null},"geo":null,"coordinates":null,"place":null,"contributors":null,"is_quote_status":false,"retweet_count":0,"favorite_count":0,"entities":{"hashtags":[{"text":"MagicTheGathering","indices":[0,18]},{"text":"mtg","indices":[54,58]},{"text":"tcg","indices":[59,63]}],"urls":[{"url":"https:\/\/t.co\/Pkc8PMIJnm","expanded_url":"http:\/\/ow.ly\/astu30bHqkp","display_url":"ow.ly\/astu30bHqkp","indices":[64,87]}],"user_mentions":[],"symbols":[]},"favorited":false,"retweeted":false,"possibly_sensitive":false,"filter_level":"low","lang":"en","timestamp_ms":"1495062051238"}
{"created_at":"Wed May 17 23:00:51 +0000 2017","id":864979052268072960,"id_str":"864979052268072960","text":"#MagicTheGathering Card Review - Aethermage's Touch - #mtg #tcg https:\/\/t.co\/WN8sjjiec6","source":"\u003ca href=\"http:\/\/www.hootsuite.com\" rel=\"nofollow\"\u003eHootsuite\u003c\/a\u003e","truncated":false,"in_reply_to_status_id":null,"in_reply_to_status_id_str":null,"in_reply_to_user_id":null,"in_reply_to_user_id_str":null,"in_reply_to_screen_name":null,"user":{"id":65934273,"id_str":"65934273","name":"Gaming Successfully","screen_name":"wintargetgame","location":"Aurora, CO","url":"http:\/\/lifesuccessfully.com\/gaming-articles","description":"#MagicTheGathering #EDH \/ #CMDR aficionado and avid card reviewer. Writes articles on various card games for Gaming Successfully.","protected":false,"verified":false,"followers_count":395,"friends_count":525,"listed_count":38,"favourites_count":4508,"statuses_count":5231,"created_at":"Sat Aug 15 16:53:17 +0000 2009","utc_offset":-14400,"time_zone":"Eastern Time (US & Canada)","geo_enabled":false,"lang":"en","contributors_enabled":false,"is_translator":false,"profile_background_color":"C0DEED","profile_background_image_url":"http:\/\/abs.twimg.com\/images\/themes\/theme1\/bg.png","profile_background_image_url_https":"https:\/\/abs.twimg.com\/images\/themes\/theme1\/bg.png","profile_background_tile":false,"profile_link_color":"1DA1F2","profile_sidebar_border_color":"C0DEED","profile_sidebar_fill_color":"DDEEF6","profile_text_color":"333333","profile_use_background_image":true,"profile_image_url":"http:\/\/pbs.twimg.com\/profile_images\/3197225560\/3bd9283734e6b05c1b7c8209c9a906e0_normal.jpeg","profile_image_url_https":"https:\/\/pbs.twimg.com\/profile_images\/3197225560\/3bd9283734e6b05c1b7c8209c9a906e0_normal.jpeg","profile_banner_url":"https:\/\/pbs.twimg.com\/profile_banners\/65934273\/1420209250","default_profile":true,"default_profile_image":false,"following":null,"follow_request_sent":null,"notifications":null},"geo":null,"coordinates":null,"place":null,"contributors":null,"is_quote_status":false,"retweet_count":0,"favorite_count":0,"entities":{"hashtags":[{"text":"MagicTheGathering","indices":[0,18]},{"text":"mtg","indices":[54,58]},{"text":"tcg","indices":[59,63]}],"urls":[{"url":"https:\/\/t.co\/WN8sjjiec6","expanded_url":"http:\/\/ow.ly\/astu30bHqkp","display_url":"ow.ly\/astu30bHqkp","indices":[64,87]}],"user_mentions":[],"symbols":[]},"favorited":false,"retweeted":false,"possibly_sensitive":false,"filter_level":"low","lang":"en","timestamp_ms":"1495062051251"}
{"created_at":"Wed May 17 23:00:51 +0000 2017","id":864979052616089600,"id_str":"864979052616089600","text":"#MagicTheGathering Card Review - Aethermage's Touch - #mtg #tcg https:\/\/t.co\/PV6Vc184r0","source":"\u003ca href=\"http:\/\/www.hootsuite.com\" rel=\"nofollow\"\u003eHootsuite\u003c\/a\u003e","truncated":false,"in_reply_to_status_id":null,"in_reply_to_status_id_str":null,"in_reply_to_user_id":null,"in_reply_to_user_id_str":null,"in_reply_to_screen_name":null,"user":{"id":951719551,"id_str":"951719551","name":"Richard A. Rowell","screen_name":"RichardARowell","location":"Colorado, USA","url":"http:\/\/lifesuccessfully.com\/the-ultimate-random","description":"Creative #writer, #blogger, dreamer, thinker, and #content creator. Co-owner of @WriteWaveMedia. #Author of the many adventures of Luna Starlight & Friends.","protected":false,"verified":false,"followers_count":623,"friends_count":336,"listed_count":96,"favourites_count":542,"statuses_count":4846,"created_at":"Fri Nov 16 13:40:11 +0000 2012","utc_offset":-14400,"time_zone":"Eastern Time (US & Canada)","geo_enabled":false,"lang":"en","contributors_enabled":false,"is_translator":false,"profile_background_color":"C0DEED","profile_background_image_url":"http:\/\/abs.twimg.com\/images\/themes\/theme1\/bg.png","profile_background_image_url_https":"https:\/\/abs.twimg.com\/images\/themes\/theme1\/bg.png","profile_background_tile":false,"profile_link_color":"1DA1F2","profile_sidebar_border_color":"C0DEED","profile_sidebar_fill_color":"DDEEF6","profile_text_color":"333333","profile_use_background_image":true,"profile_image_url":"http:\/\/pbs.twimg.com\/profile_images\/792105709580062720\/pYZGfsWT_normal.jpg","profile_image_url_https":"https:\/\/pbs.twimg.com\/profile_images\/792105709580062720\/pYZGfsWT_normal.jpg","default_profile":true,"default_profile_image":false,"following":null,"follow_request_sent":null,"notifications":null},"geo":null,"coordinates":null,"place":null,"contributors":null,"is_quote_status":false,"retweet_count":0,"favorite_count":0,"entities":{"hashtags":[{"text":"MagicTheGathering","indices":[0,18]},{"text":"mtg","indices":[54,58]},{"text":"tcg","indices":[59,63]}],"urls":[{"url":"https:\/\/t.co\/PV6Vc184r0","expanded_url":"http:\/\/ow.ly\/OnTL30bHqje","display_url":"ow.ly\/OnTL30bHqje","indices":[64,87]}],"user_mentions":[],"symbols":[]},"favorited":false,"retweeted":false,"possibly_sensitive":false,"filter_level":"low","lang":"en","timestamp_ms":"1495062051334"}
{"created_at":"Wed May 17 23:00:51 +0000 2017","id":864979053845127168,"id_str":"864979053845127168","text":"#MagicTheGathering Card Review - Aethermage's Touch - #mtg #tcg https:\/\/t.co\/Yi6tfmdBHV","source":"\u003ca href=\"http:\/\/www.hootsuite.com\" rel=\"nofollow\"\u003eHootsuite\u003c\/a\u003e","truncated":false,"in_reply_to_status_id":null,"in_reply_to_status_id_str":null,"in_reply_to_user_id":null,"in_reply_to_user_id_str":null,"in_reply_to_screen_name":null,"user":{"id":102543933,"id_str":"102543933","name":"Life Successfully","screen_name":"LifeNSuccess","location":"USA","url":"http:\/\/www.lifesuccessfully.com","description":"Life Successfully is a #lifestyle site owned by @LynLomasi & @richardarowell via @writewavemedia #Writer #submissions welcome. #news #parents #RV #MTG & more.","protected":false,"verified":false,"followers_count":1043,"friends_count":1209,"listed_count":209,"favourites_count":50,"statuses_count":8941,"created_at":"Thu Jan 07 01:56:47 +0000 2010","utc_offset":-21600,"time_zone":"Mountain Time (US & Canada)","geo_enabled":false,"lang":"en","contributors_enabled":false,"is_translator":false,"profile_background_color":"642D8B","profile_background_image_url":"http:\/\/abs.twimg.com\/images\/themes\/theme10\/bg.gif","profile_background_image_url_https":"https:\/\/abs.twimg.com\/images\/themes\/theme10\/bg.gif","profile_background_tile":true,"profile_link_color":"9266CC","profile_sidebar_border_color":"65B0DA","profile_sidebar_fill_color":"7AC3EE","profile_text_color":"3D1957","profile_use_background_image":true,"profile_image_url":"http:\/\/pbs.twimg.com\/profile_images\/715547243349061633\/h26-PPGC_normal.jpg","profile_image_url_https":"https:\/\/pbs.twimg.com\/profile_images\/715547243349061633\/h26-PPGC_normal.jpg","profile_banner_url":"https:\/\/pbs.twimg.com\/profile_banners\/102543933\/1459434701","default_profile":false,"default_profile_image":false,"following":null,"follow_request_sent":null,"notifications":null},"geo":null,"coordinates":null,"place":null,"contributors":null,"is_quote_status":false,"retweet_count":0,"favorite_count":0,"entities":{"hashtags":[{"text":"MagicTheGathering","indices":[0,18]},{"text":"mtg","indices":[54,58]},{"text":"tcg","indices":[59,63]}],"urls":[{"url":"https:\/\/t.co\/Yi6tfmdBHV","expanded_url":"http:\/\/ow.ly\/astu30bHqkp","display_url":"ow.ly\/astu30bHqkp","indices":[64,87]}],"user_mentions":[],"symbols":[]},"favorited":false,"retweeted":false,"possibly_sensitive":false,"filter_level":"low","lang":"en","timestamp_ms":"1495062051627"}
{"created_at":"Wed May 17 23:00:58 +0000 2017","id":864979082592825348,"id_str":"864979082592825348","text":"Have your logo painted on a #BoothModel &amp; watch yr traffic soar! #bodypainting #Vegas #convention\u2026 https:\/\/t.co\/I1eAfS75rb","display_text_range":[0,140],"source":"\u003ca href=\"http:\/\/www.hootsuite.com\" rel=\"nofollow\"\u003eHootsuite\u003c\/a\u003e","truncated":true,"in_reply_to_status_id":null,"in_reply_to_status_id_str":null,"in_reply_to_user_id":null,"in_reply_to_user_id_str":null,"in_reply_to_screen_name":null,"user":{"id":145736658,"id_str":"145736658","name":"SkinCityBodyPainting","screen_name":"SkinCity","location":"Las Vegas, NV","url":"http:\/\/www.SkinCityBodyPainting.com","description":"What happens in #Vegas happens at #SkinCity!! World-famous #bodypaint & #event company owned by @RobinSlonina ~ artist & judge on @GSN's @SkinWarsShow!","protected":false,"verified":false,"followers_count":13229,"friends_count":211,"listed_count":78,"favourites_count":5037,"statuses_count":5787,"created_at":"Wed May 19 19:02:48 +0000 2010","utc_offset":-25200,"time_zone":"Pacific Time (US & Canada)","geo_enabled":true,"lang":"en","contributors_enabled":false,"is_translator":false,"profile_background_color":"C0DEED","profile_background_image_url":"http:\/\/pbs.twimg.com\/profile_background_images\/430160889\/Great_Leopard_Print_Wallpaper_Wallpaper_rkb0i.JPG","profile_background_image_url_https":"https:\/\/pbs.twimg.com\/profile_background_images\/430160889\/Great_Leopard_Print_Wallpaper_Wallpaper_rkb0i.JPG","profile_background_tile":true,"profile_link_color":"DD2E44","profile_sidebar_border_color":"C0DEED","profile_sidebar_fill_color":"DDEEF6","profile_text_color":"333333","profile_use_background_image":true,"profile_image_url":"http:\/\/pbs.twimg.com\/profile_images\/864959254632869888\/9T78SeIh_normal.jpg","profile_image_url_https":"https:\/\/pbs.twimg.com\/profile_images\/864959254632869888\/9T78SeIh_normal.jpg","profile_banner_url":"https:\/\/pbs.twimg.com\/profile_banners\/145736658\/1455951573","default_profile":false,"default_profile_image":false,"following":null,"follow_request_sent":null,"notifications":null},"geo":null,"coordinates":null,"place":null,"contributors":null,"is_quote_status":false,"extended_tweet":{"full_text":"Have your logo painted on a #BoothModel &amp; watch yr traffic soar! #bodypainting #Vegas #convention #magicthegathering https:\/\/t.co\/0QG11P1u4l https:\/\/t.co\/2GmzvUx5aT","display_text_range":[0,144],"entities":{"hashtags":[{"text":"BoothModel","indices":[28,39]},{"text":"bodypainting","indices":[69,82]},{"text":"Vegas","indices":[83,89]},{"text":"convention","indices":[90,101]},{"text":"magicthegathering","indices":[102,120]}],"urls":[{"url":"https:\/\/t.co\/0QG11P1u4l","expanded_url":"http:\/\/skincity.vegas","display_url":"skincity.vegas","indices":[121,144]}],"user_mentions":[],"symbols":[],"media":[{"id":864979080118128640,"id_str":"864979080118128640","indices":[145,168],"media_url":"http:\/\/pbs.twimg.com\/media\/DAEF4_iV0AAOUw2.jpg","media_url_https":"https:\/\/pbs.twimg.com\/media\/DAEF4_iV0AAOUw2.jpg","url":"https:\/\/t.co\/2GmzvUx5aT","display_url":"pic.twitter.com\/2GmzvUx5aT","expanded_url":"https:\/\/twitter.com\/SkinCity\/status\/864979082592825348\/photo\/1","type":"photo","sizes":{"medium":{"w":393,"h":504,"resize":"fit"},"large":{"w":393,"h":504,"resize":"fit"},"thumb":{"w":150,"h":150,"resize":"crop"},"small":{"w":393,"h":504,"resize":"fit"}}}]},"extended_entities":{"media":[{"id":864979080118128640,"id_str":"864979080118128640","indices":[145,168],"media_url":"http:\/\/pbs.twimg.com\/media\/DAEF4_iV0AAOUw2.jpg","media_url_https":"https:\/\/pbs.twimg.com\/media\/DAEF4_iV0AAOUw2.jpg","url":"https:\/\/t.co\/2GmzvUx5aT","display_url":"pic.twitter.com\/2GmzvUx5aT","expanded_url":"https:\/\/twitter.com\/SkinCity\/status\/864979082592825348\/photo\/1","type":"photo","sizes":{"medium":{"w":393,"h":504,"resize":"fit"},"large":{"w":393,"h":504,"resize":"fit"},"thumb":{"w":150,"h":150,"resize":"crop"},"small":{"w":393,"h":504,"resize":"fit"}}}]}},"retweet_count":0,"favorite_count":0,"entities":{"hashtags":[{"text":"BoothModel","indices":[28,39]},{"text":"bodypainting","indices":[69,82]},{"text":"Vegas","indices":[83,89]},{"text":"convention","indices":[90,101]}],"urls":[{"url":"https:\/\/t.co\/I1eAfS75rb","expanded_url":"https:\/\/twitter.com\/i\/web\/status\/864979082592825348","display_url":"twitter.com\/i\/web\/status\/8\u2026","indices":[103,126]}],"user_mentions":[],"symbols":[]},"favorited":false,"retweeted":false,"possibly_sensitive":false,"filter_level":"low","lang":"en","timestamp_ms":"1495062058481"}
{"created_at":"Wed May 17 23:03:44 +0000 2017","id":864979776926134272,"id_str":"864979776926134272","text":"@UltraProIntl when are the black ultra pro eclipse sleeves coming out?! #mtg #edh","source":"\u003ca href=\"http:\/\/twitter.com\/download\/iphone\" rel=\"nofollow\"\u003eTwitter for iPhone\u003c\/a\u003e","truncated":false,"in_reply_to_status_id":null,"in_reply_to_status_id_str":null,"in_reply_to_user_id":285293370,"in_reply_to_user_id_str":"285293370","in_reply_to_screen_name":"UltraProIntl","user":{"id":27752786,"id_str":"27752786","name":"Austin Julius Kim","screen_name":"AustinJuliusKim","location":"Los Angeles, CA","url":"http:\/\/austinjuliuskim.com","description":null,"protected":false,"verified":false,"followers_count":118,"friends_count":286,"listed_count":2,"favourites_count":82,"statuses_count":136,"created_at":"Mon Mar 30 22:54:49 +0000 2009","utc_offset":-25200,"time_zone":"Pacific Time (US & Canada)","geo_enabled":false,"lang":"en","contributors_enabled":false,"is_translator":false,"profile_background_color":"022330","profile_background_image_url":"http:\/\/abs.twimg.com\/images\/themes\/theme15\/bg.png","profile_background_image_url_https":"https:\/\/abs.twimg.com\/images\/themes\/theme15\/bg.png","profile_background_tile":false,"profile_link_color":"0084B4","profile_sidebar_border_color":"A8C7F7","profile_sidebar_fill_color":"C0DFEC","profile_text_color":"333333","profile_use_background_image":true,"profile_image_url":"http:\/\/pbs.twimg.com\/profile_images\/3659856440\/e8cdb0e794e496ad9514db323ac909fc_normal.jpeg","profile_image_url_https":"https:\/\/pbs.twimg.com\/profile_images\/3659856440\/e8cdb0e794e496ad9514db323ac909fc_normal.jpeg","profile_banner_url":"https:\/\/pbs.twimg.com\/profile_banners\/27752786\/1422333583","default_profile":false,"default_profile_image":false,"following":null,"follow_request_sent":null,"notifications":null},"geo":null,"coordinates":null,"place":null,"contributors":null,"is_quote_status":false,"retweet_count":0,"favorite_count":0,"entities":{"hashtags":[{"text":"mtg","indices":[72,76]},{"text":"edh","indices":[77,81]}],"urls":[],"user_mentions":[{"screen_name":"UltraProIntl","name":"Ultra PRO","id":285293370,"id_str":"285293370","indices":[0,13]}],"symbols":[]},"favorited":false,"retweeted":false,"filter_level":"low","lang":"en","timestamp_ms":"1495062224023"}
{"created_at":"Wed May 17 23:04:09 +0000 2017","id":864979881746104320,"id_str":"864979881746104320","text":"RT @EveryMTGcardBot: Richard Garfield, Ph.D.\n #mtg #magicthegathering https:\/\/t.co\/iXQaA8FgH8","source":"\u003ca href=\"http:\/\/twitter.com\/download\/iphone\" rel=\"nofollow\"\u003eTwitter for iPhone\u003c\/a\u003e","truncated":false,"in_reply_to_status_id":null,"in_reply_to_status_id_str":null,"in_reply_to_user_id":null,"in_reply_to_user_id_str":null,"in_reply_to_screen_name":null,"user":{"id":133775557,"id_str":"133775557","name":"lakkskaus","screen_name":"lakkskaus","location":null,"url":null,"description":"Arsch, 1. Base, Teleballkassettensystem, Magic, Xbox","protected":false,"verified":false,"followers_count":266,"friends_count":753,"listed_count":18,"favourites_count":8102,"statuses_count":10880,"created_at":"Fri Apr 16 16:00:52 +0000 2010","utc_offset":-7200,"time_zone":"Greenland","geo_enabled":true,"lang":"de","contributors_enabled":false,"is_translator":false,"profile_background_color":"1A1B1F","profile_background_image_url":"http:\/\/pbs.twimg.com\/profile_background_images\/573125490568908802\/ESsj5QZy.jpeg","profile_background_image_url_https":"https:\/\/pbs.twimg.com\/profile_background_images\/573125490568908802\/ESsj5QZy.jpeg","profile_background_tile":true,"profile_link_color":"2FC2EF","profile_sidebar_border_color":"181A1E","profile_sidebar_fill_color":"252429","profile_text_color":"666666","profile_use_background_image":true,"profile_image_url":"http:\/\/pbs.twimg.com\/profile_images\/849151083838668800\/ZF3f5uK2_normal.jpg","profile_image_url_https":"https:\/\/pbs.twimg.com\/profile_images\/849151083838668800\/ZF3f5uK2_normal.jpg","profile_banner_url":"https:\/\/pbs.twimg.com\/profile_banners\/133775557\/1492629364","default_profile":false,"default_profile_image":false,"following":null,"follow_request_sent":null,"notifications":null},"geo":null,"coordinates":null,"place":null,"contributors":null,"retweeted_status":{"created_at":"Tue May 16 14:00:04 +0000 2017","id":864480574517411840,"id_str":"864480574517411840","text":"Richard Garfield, Ph.D.\n #mtg #magicthegathering https:\/\/t.co\/iXQaA8FgH8","display_text_range":[0,48],"source":"\u003ca href=\"http:\/\/digaresc.info\" rel=\"nofollow\"\u003eMagic Daily Cards\u003c\/a\u003e","truncated":false,"in_reply_to_status_id":null,"in_reply_to_status_id_str":null,"in_reply_to_user_id":null,"in_reply_to_user_id_str":null,"in_reply_to_screen_name":null,"user":{"id":4799051264,"id_str":"4799051264","name":"Every MTG Card Ever","screen_name":"EveryMTGcardBot","location":"Dominaria","url":null,"description":"Tweets at least one Magic: The Gathering card every hour*. We also take card requests via DM and hold fun discussions & polls. #mtg #magicthegathering","protected":false,"verified":false,"followers_count":1656,"friends_count":254,"listed_count":25,"favourites_count":2983,"statuses_count":9874,"created_at":"Fri Jan 22 17:04:49 +0000 2016","utc_offset":null,"time_zone":null,"geo_enabled":false,"lang":"en","contributors_enabled":false,"is_translator":false,"profile_background_color":"000000","profile_background_image_url":"http:\/\/abs.twimg.com\/images\/themes\/theme1\/bg.png","profile_background_image_url_https":"https:\/\/abs.twimg.com\/images\/themes\/theme1\/bg.png","profile_background_tile":false,"profile_link_color":"981CEB","profile_sidebar_border_color":"000000","profile_sidebar_fill_color":"000000","profile_text_color":"000000","profile_use_background_image":false,"profile_image_url":"http:\/\/pbs.twimg.com\/profile_images\/728329795264643072\/hSJWhYlf_normal.jpg","profile_image_url_https":"https:\/\/pbs.twimg.com\/profile_images\/728329795264643072\/hSJWhYlf_normal.jpg","profile_banner_url":"https:\/\/pbs.twimg.com\/profile_banners\/4799051264\/1460391976","default_profile":false,"default_profile_image":false,"following":null,"follow_request_sent":null,"notifications":null},"geo":null,"coordinates":null,"place":null,"contributors":null,"is_quote_status":false,"retweet_count":3,"favorite_count":12,"entities":{"hashtags":[{"text":"mtg","indices":[25,29]},{"text":"magicthegathering","indices":[30,48]}],"urls":[],"user_mentions":[],"symbols":[],"media":[{"id":864480572185337856,"id_str":"864480572185337856","indices":[49,72],"media_url":"http:\/\/pbs.twimg.com\/media\/C_9AgAxVYAAT2pv.jpg","media_url_https":"https:\/\/pbs.twimg.com\/media\/C_9AgAxVYAAT2pv.jpg","url":"https:\/\/t.co\/iXQaA8FgH8","display_url":"pic.twitter.com\/iXQaA8FgH8","expanded_url":"https:\/\/twitter.com\/EveryMTGcardBot\/status\/864480574517411840\/photo\/1","type":"photo","sizes":{"thumb":{"w":150,"h":150,"resize":"crop"},"medium":{"w":223,"h":310,"resize":"fit"},"large":{"w":223,"h":310,"resize":"fit"},"small":{"w":223,"h":310,"resize":"fit"}}}]},"extended_entities":{"media":[{"id":864480572185337856,"id_str":"864480572185337856","indices":[49,72],"media_url":"http:\/\/pbs.twimg.com\/media\/C_9AgAxVYAAT2pv.jpg","media_url_https":"https:\/\/pbs.twimg.com\/media\/C_9AgAxVYAAT2pv.jpg","url":"https:\/\/t.co\/iXQaA8FgH8","display_url":"pic.twitter.com\/iXQaA8FgH8","expanded_url":"https:\/\/twitter.com\/EveryMTGcardBot\/status\/864480574517411840\/photo\/1","type":"photo","sizes":{"thumb":{"w":150,"h":150,"resize":"crop"},"medium":{"w":223,"h":310,"resize":"fit"},"large":{"w":223,"h":310,"resize":"fit"},"small":{"w":223,"h":310,"resize":"fit"}}}]},"favorited":false,"retweeted":false,"possibly_sensitive":false,"filter_level":"low","lang":"de"},"is_quote_status":false,"retweet_count":0,"favorite_count":0,"entities":{"hashtags":[{"text":"mtg","indices":[46,50]},{"text":"magicthegathering","indices":[51,69]}],"urls":[],"user_mentions":[{"screen_name":"EveryMTGcardBot","name":"Every MTG Card Ever","id":4799051264,"id_str":"4799051264","indices":[3,19]}],"symbols":[],"media":[{"id":864480572185337856,"id_str":"864480572185337856","indices":[70,93],"media_url":"http:\/\/pbs.twimg.com\/media\/C_9AgAxVYAAT2pv.jpg","media_url_https":"https:\/\/pbs.twimg.com\/media\/C_9AgAxVYAAT2pv.jpg","url":"https:\/\/t.co\/iXQaA8FgH8","display_url":"pic.twitter.com\/iXQaA8FgH8","expanded_url":"https:\/\/twitter.com\/EveryMTGcardBot\/status\/864480574517411840\/photo\/1","type":"photo","sizes":{"thumb":{"w":150,"h":150,"resize":"crop"},"medium":{"w":223,"h":310,"resize":"fit"},"large":{"w":223,"h":310,"resize":"fit"},"small":{"w":223,"h":310,"resize":"fit"}},"source_status_id":864480574517411840,"source_status_id_str":"864480574517411840","source_user_id":4799051264,"source_user_id_str":"4799051264"}]},"extended_entities":{"media":[{"id":864480572185337856,"id_str":"864480572185337856","indices":[70,93],"media_url":"http:\/\/pbs.twimg.com\/media\/C_9AgAxVYAAT2pv.jpg","media_url_https":"https:\/\/pbs.twimg.com\/media\/C_9AgAxVYAAT2pv.jpg","url":"https:\/\/t.co\/iXQaA8FgH8","display_url":"pic.twitter.com\/iXQaA8FgH8","expanded_url":"https:\/\/twitter.com\/EveryMTGcardBot\/status\/864480574517411840\/photo\/1","type":"photo","sizes":{"thumb":{"w":150,"h":150,"resize":"crop"},"medium":{"w":223,"h":310,"resize":"fit"},"large":{"w":223,"h":310,"resize":"fit"},"small":{"w":223,"h":310,"resize":"fit"}},"source_status_id":864480574517411840,"source_status_id_str":"864480574517411840","source_user_id":4799051264,"source_user_id_str":"4799051264"}]},"favorited":false,"retweeted":false,"possibly_sensitive":false,"filter_level":"low","lang":"de","timestamp_ms":"1495062249014"}
{"created_at":"Wed May 17 23:05:43 +0000 2017","id":864980278397214720,"id_str":"864980278397214720","text":"@potetobun tcgplayer!! lists cheapest options first but I usually get from ideal808 :3","display_text_range":[11,86],"source":"\u003ca href=\"http:\/\/twitter.com\/download\/android\" rel=\"nofollow\"\u003eTwitter for Android\u003c\/a\u003e","truncated":false,"in_reply_to_status_id":864979568926482432,"in_reply_to_status_id_str":"864979568926482432","in_reply_to_user_id":559233767,"in_reply_to_user_id_str":"559233767","in_reply_to_screen_name":"potetobun","user":{"id":2286136604,"id_str":"2286136604","name":"KIRvas\u2606","screen_name":"mg3kiryu","location":"California, USA","url":"http:\/\/loserkir.tumblr.com","description":"\u22c6Hello! I'm Kir and this is where I occasionally livetweet and post my art!  ENG+\u65e5\u672c\u8a9e OK! Please do not use\/repost my artwork. anywhere.\u22c6 https:\/\/t.co\/TBnzIxLb0W","protected":false,"verified":false,"followers_count":1570,"friends_count":165,"listed_count":14,"favourites_count":9288,"statuses_count":12548,"created_at":"Sat Jan 11 05:27:17 +0000 2014","utc_offset":-14400,"time_zone":"Eastern Time (US & Canada)","geo_enabled":false,"lang":"en","contributors_enabled":false,"is_translator":false,"profile_background_color":"C0DEED","profile_background_image_url":"http:\/\/abs.twimg.com\/images\/themes\/theme1\/bg.png","profile_background_image_url_https":"https:\/\/abs.twimg.com\/images\/themes\/theme1\/bg.png","profile_background_tile":false,"profile_link_color":"1DA1F2","profile_sidebar_border_color":"C0DEED","profile_sidebar_fill_color":"DDEEF6","profile_text_color":"333333","profile_use_background_image":true,"profile_image_url":"http:\/\/pbs.twimg.com\/profile_images\/835588797576310786\/yJfwxKY3_normal.jpg","profile_image_url_https":"https:\/\/pbs.twimg.com\/profile_images\/835588797576310786\/yJfwxKY3_normal.jpg","profile_banner_url":"https:\/\/pbs.twimg.com\/profile_banners\/2286136604\/1463358440","default_profile":true,"default_profile_image":false,"following":null,"follow_request_sent":null,"notifications":null},"geo":null,"coordinates":null,"place":null,"contributors":null,"is_quote_status":false,"retweet_count":0,"favorite_count":0,"entities":{"hashtags":[],"urls":[],"user_mentions":[{"screen_name":"potetobun","name":"\u30c4\u30ad\u3061\u3085\u2606 @ finals","id":559233767,"id_str":"559233767","indices":[0,10]}],"symbols":[]},"favorited":false,"retweeted":false,"filter_level":"low","lang":"en","timestamp_ms":"1495062343583"}
{"created_at":"Wed May 17 23:05:48 +0000 2017","id":864980299192475648,"id_str":"864980299192475648","text":"RT @Alice_mtg: EDH\u3082\u3068\u308a\u3042\u3048\u305a\u7121\u4e8b\u5b8c\u6210\uff01\nMeren of Clan Nel Toth\n#\u30c7\u30c3\u30ad\u3092\u6652\u3057\u305f\u3089RT\u304c\u6765\u3066\u30d5\u30a9\u30ed\u30ef\u30fc\u304c\u5897\u3048\u308b\u3068\u805e\u3044\u3066 https:\/\/t.co\/XHisNUsnb7","source":"\u003ca href=\"http:\/\/twitter.com\/download\/android\" rel=\"nofollow\"\u003eTwitter for Android\u003c\/a\u003e","truncated":false,"in_reply_to_status_id":null,"in_reply_to_status_id_str":null,"in_reply_to_user_id":null,"in_reply_to_user_id_str":null,"in_reply_to_screen_name":null,"user":{"id":2275917240,"id_str":"2275917240","name":"Rei@mtg","screen_name":"age3560","location":"\u9577\u5d0e","url":null,"description":"\u6771\u65b9\u3084\u3089TCG\u3084\u3089\u3002\u8da3\u5473\u30a2\u30ab\u3002\u30ea\u30c4\u30a4\u30fc\u30c8\u591a\u3081\u3002mtg\u306f\u30e2\u30c0\u30f3\u3067\u30a2\u30d6\u30b6\u30f3\u30b8\u30e3\u30f3\u30af\u3001\u9ed2\u5358\u3068\u304b\u3002\u30ec\u30ac\u30b7\u30fc\u3068\u7d71\u7387\u8005\u3068\u9b54\u738b\u6226\u3068\u30d1\u30a6\u30d1\u30fc\u3082\u3042\u308a\u307e\u3059","protected":false,"verified":false,"followers_count":1011,"friends_count":2046,"listed_count":31,"favourites_count":39407,"statuses_count":72942,"created_at":"Sat Jan 04 10:27:26 +0000 2014","utc_offset":null,"time_zone":null,"geo_enabled":true,"lang":"ja","contributors_enabled":false,"is_translator":false,"profile_background_color":"C0DEED","profile_background_image_url":"http:\/\/abs.twimg.com\/images\/themes\/theme1\/bg.png","profile_background_image_url_https":"https:\/\/abs.twimg.com\/images\/themes\/theme1\/bg.png","profile_background_tile":false,"profile_link_color":"1DA1F2","profile_sidebar_border_color":"C0DEED","profile_sidebar_fill_color":"DDEEF6","profile_text_color":"333333","profile_use_background_image":true,"profile_image_url":"http:\/\/pbs.twimg.com\/profile_images\/842928518350614528\/wg65wGjm_normal.jpg","profile_image_url_https":"https:\/\/pbs.twimg.com\/profile_images\/842928518350614528\/wg65wGjm_normal.jpg","profile_banner_url":"https:\/\/pbs.twimg.com\/profile_banners\/2275917240\/1489590052","default_profile":true,"default_profile_image":false,"following":null,"follow_request_sent":null,"notifications":null},"geo":null,"coordinates":null,"place":null,"contributors":null,"retweeted_status":{"created_at":"Wed May 17 19:27:15 +0000 2017","id":864925298516557824,"id_str":"864925298516557824","text":"EDH\u3082\u3068\u308a\u3042\u3048\u305a\u7121\u4e8b\u5b8c\u6210\uff01\nMeren of Clan Nel Toth\n#\u30c7\u30c3\u30ad\u3092\u6652\u3057\u305f\u3089RT\u304c\u6765\u3066\u30d5\u30a9\u30ed\u30ef\u30fc\u304c\u5897\u3048\u308b\u3068\u805e\u3044\u3066 https:\/\/t.co\/XHisNUsnb7","display_text_range":[0,65],"source":"\u003ca href=\"http:\/\/twitter.com\/download\/iphone\" rel=\"nofollow\"\u003eTwitter for iPhone\u003c\/a\u003e","truncated":false,"in_reply_to_status_id":null,"in_reply_to_status_id_str":null,"in_reply_to_user_id":null,"in_reply_to_user_id_str":null,"in_reply_to_screen_name":null,"user":{"id":3974183234,"id_str":"3974183234","name":"\u3048\u306c\uff20MtG\u57a2 in \u30a2\u30e1\u30ea\u30ab","screen_name":"Alice_mtg","location":null,"url":null,"description":"\u4e3b\u306bMTG\u306b\u3064\u3044\u3066\u3064\u3076\u3084\u304f\u3067\u3042\u308d\u3046\u57a2 \u672c\u57a2@Alice_Enter\n\u30b9\u30bf\u30f3:\u305d\u306e\u6642\u3005\n\u30e2\u30c0\u30f3:\u9752\u30c8\u30ed\u30f3,\u9ed2\u5358\u4fe1\u5fc3,\u30b0\u30ea\u30b3\u30f3,\u30b0\u30ea\u30af\u30b7\u30b9\u30b7\u30e3\u30c9\u30a6,\u30ce\u30ea\u30f3\u30b7\u30b9\u30bf\u30fc\u30ba,\u9752\u8d64\u30b9\u30c8\u30fc\u30e0\n\u30ec\u30ac\u30b7\u30fc:\u9752\u767d\u30d6\u30ec\u30fc\u30c9\n\u4eca\u306f\u30a2\u30e1\u30ea\u30ab #\u3042\u308a\u3059mtg\u3081\u3082 \u30a2\u30a4\u30b3\u30f3\u306f@chippzannff\u3055\u3093\u304b\u3089","protected":false,"verified":false,"followers_count":282,"friends_count":257,"listed_count":10,"favourites_count":184,"statuses_count":9925,"created_at":"Wed Oct 21 23:40:31 +0000 2015","utc_offset":null,"time_zone":null,"geo_enabled":false,"lang":"ja","contributors_enabled":false,"is_translator":false,"profile_background_color":"000000","profile_background_image_url":"http:\/\/abs.twimg.com\/images\/themes\/theme1\/bg.png","profile_background_image_url_https":"https:\/\/abs.twimg.com\/images\/themes\/theme1\/bg.png","profile_background_tile":false,"profile_link_color":"E81C4F","profile_sidebar_border_color":"000000","profile_sidebar_fill_color":"000000","profile_text_color":"000000","profile_use_background_image":false,"profile_image_url":"http:\/\/pbs.twimg.com\/profile_images\/838831113023807488\/y3h1n-Ii_normal.jpg","profile_image_url_https":"https:\/\/pbs.twimg.com\/profile_images\/838831113023807488\/y3h1n-Ii_normal.jpg","profile_banner_url":"https:\/\/pbs.twimg.com\/profile_banners\/3974183234\/1445748749","default_profile":false,"default_profile_image":false,"following":null,"follow_request_sent":null,"notifications":null},"geo":null,"coordinates":null,"place":null,"contributors":null,"is_quote_status":false,"retweet_count":3,"favorite_count":3,"entities":{"hashtags":[{"text":"\u30c7\u30c3\u30ad\u3092\u6652\u3057\u305f\u3089RT\u304c\u6765\u3066\u30d5\u30a9\u30ed\u30ef\u30fc\u304c\u5897\u3048\u308b\u3068\u805e\u3044\u3066","indices":[38,65]}],"urls":[],"user_mentions":[],"symbols":[],"media":[{"id":864925276538458114,"id_str":"864925276538458114","indices":[66,89],"media_url":"http:\/\/pbs.twimg.com\/media\/DADU9NlU0AILqKp.jpg","media_url_https":"https:\/\/pbs.twimg.com\/media\/DADU9NlU0AILqKp.jpg","url":"https:\/\/t.co\/XHisNUsnb7","display_url":"pic.twitter.com\/XHisNUsnb7","expanded_url":"https:\/\/twitter.com\/Alice_mtg\/status\/864925298516557824\/photo\/1","type":"photo","sizes":{"medium":{"w":1200,"h":900,"resize":"fit"},"thumb":{"w":150,"h":150,"resize":"crop"},"small":{"w":680,"h":510,"resize":"fit"},"large":{"w":2048,"h":1536,"resize":"fit"}}}]},"extended_entities":{"media":[{"id":864925276538458114,"id_str":"864925276538458114","indices":[66,89],"media_url":"http:\/\/pbs.twimg.com\/media\/DADU9NlU0AILqKp.jpg","media_url_https":"https:\/\/pbs.twimg.com\/media\/DADU9NlU0AILqKp.jpg","url":"https:\/\/t.co\/XHisNUsnb7","display_url":"pic.twitter.com\/XHisNUsnb7","expanded_url":"https:\/\/twitter.com\/Alice_mtg\/status\/864925298516557824\/photo\/1","type":"photo","sizes":{"medium":{"w":1200,"h":900,"resize":"fit"},"thumb":{"w":150,"h":150,"resize":"crop"},"small":{"w":680,"h":510,"resize":"fit"},"large":{"w":2048,"h":1536,"resize":"fit"}}},{"id":864925276542717952,"id_str":"864925276542717952","indices":[66,89],"media_url":"http:\/\/pbs.twimg.com\/media\/DADU9NmV0AAczZW.jpg","media_url_https":"https:\/\/pbs.twimg.com\/media\/DADU9NmV0AAczZW.jpg","url":"https:\/\/t.co\/XHisNUsnb7","display_url":"pic.twitter.com\/XHisNUsnb7","expanded_url":"https:\/\/twitter.com\/Alice_mtg\/status\/864925298516557824\/photo\/1","type":"photo","sizes":{"small":{"w":680,"h":510,"resize":"fit"},"thumb":{"w":150,"h":150,"resize":"crop"},"medium":{"w":1200,"h":900,"resize":"fit"},"large":{"w":2048,"h":1536,"resize":"fit"}}},{"id":864925276538523649,"id_str":"864925276538523649","indices":[66,89],"media_url":"http:\/\/pbs.twimg.com\/media\/DADU9NlV0AE5UmH.jpg","media_url_https":"https:\/\/pbs.twimg.com\/media\/DADU9NlV0AE5UmH.jpg","url":"https:\/\/t.co\/XHisNUsnb7","display_url":"pic.twitter.com\/XHisNUsnb7","expanded_url":"https:\/\/twitter.com\/Alice_mtg\/status\/864925298516557824\/photo\/1","type":"photo","sizes":{"small":{"w":680,"h":510,"resize":"fit"},"thumb":{"w":150,"h":150,"resize":"crop"},"large":{"w":2048,"h":1536,"resize":"fit"},"medium":{"w":1200,"h":900,"resize":"fit"}}},{"id":864925276538421248,"id_str":"864925276538421248","indices":[66,89],"media_url":"http:\/\/pbs.twimg.com\/media\/DADU9NlUQAA0kiL.jpg","media_url_https":"https:\/\/pbs.twimg.com\/media\/DADU9NlUQAA0kiL.jpg","url":"https:\/\/t.co\/XHisNUsnb7","display_url":"pic.twitter.com\/XHisNUsnb7","expanded_url":"https:\/\/twitter.com\/Alice_mtg\/status\/864925298516557824\/photo\/1","type":"photo","sizes":{"large":{"w":2048,"h":1536,"resize":"fit"},"thumb":{"w":150,"h":150,"resize":"crop"},"medium":{"w":1200,"h":900,"resize":"fit"},"small":{"w":680,"h":510,"resize":"fit"}}}]},"favorited":false,"retweeted":false,"possibly_sensitive":false,"filter_level":"low","lang":"ja"},"is_quote_status":false,"retweet_count":0,"favorite_count":0,"entities":{"hashtags":[{"text":"\u30c7\u30c3\u30ad\u3092\u6652\u3057\u305f\u3089RT\u304c\u6765\u3066\u30d5\u30a9\u30ed\u30ef\u30fc\u304c\u5897\u3048\u308b\u3068\u805e\u3044\u3066","indices":[53,80]}],"urls":[],"user_mentions":[{"screen_name":"Alice_mtg","name":"\u3048\u306c\uff20MtG\u57a2 in \u30a2\u30e1\u30ea\u30ab","id":3974183234,"id_str":"3974183234","indices":[3,13]}],"symbols":[],"media":[{"id":864925276538458114,"id_str":"864925276538458114","indices":[81,104],"media_url":"http:\/\/pbs.twimg.com\/media\/DADU9NlU0AILqKp.jpg","media_url_https":"https:\/\/pbs.twimg.com\/media\/DADU9NlU0AILqKp.jpg","url":"https:\/\/t.co\/XHisNUsnb7","display_url":"pic.twitter.com\/XHisNUsnb7","expanded_url":"https:\/\/twitter.com\/Alice_mtg\/status\/864925298516557824\/photo\/1","type":"photo","sizes":{"medium":{"w":1200,"h":900,"resize":"fit"},"thumb":{"w":150,"h":150,"resize":"crop"},"small":{"w":680,"h":510,"resize":"fit"},"large":{"w":2048,"h":1536,"resize":"fit"}},"source_status_id":864925298516557824,"source_status_id_str":"864925298516557824","source_user_id":3974183234,"source_user_id_str":"3974183234"}]},"extended_entities":{"media":[{"id":864925276538458114,"id_str":"864925276538458114","indices":[81,104],"media_url":"http:\/\/pbs.twimg.com\/media\/DADU9NlU0AILqKp.jpg","media_url_https":"https:\/\/pbs.twimg.com\/media\/DADU9NlU0AILqKp.jpg","url":"https:\/\/t.co\/XHisNUsnb7","display_url":"pic.twitter.com\/XHisNUsnb7","expanded_url":"https:\/\/twitter.com\/Alice_mtg\/status\/864925298516557824\/photo\/1","type":"photo","sizes":{"medium":{"w":1200,"h":900,"resize":"fit"},"thumb":{"w":150,"h":150,"resize":"crop"},"small":{"w":680,"h":510,"resize":"fit"},"large":{"w":2048,"h":1536,"resize":"fit"}},"source_status_id":864925298516557824,"source_status_id_str":"864925298516557824","source_user_id":3974183234,"source_user_id_str":"3974183234"},{"id":864925276542717952,"id_str":"864925276542717952","indices":[81,104],"media_url":"http:\/\/pbs.twimg.com\/media\/DADU9NmV0AAczZW.jpg","media_url_https":"https:\/\/pbs.twimg.com\/media\/DADU9NmV0AAczZW.jpg","url":"https:\/\/t.co\/XHisNUsnb7","display_url":"pic.twitter.com\/XHisNUsnb7","expanded_url":"https:\/\/twitter.com\/Alice_mtg\/status\/864925298516557824\/photo\/1","type":"photo","sizes":{"small":{"w":680,"h":510,"resize":"fit"},"thumb":{"w":150,"h":150,"resize":"crop"},"medium":{"w":1200,"h":900,"resize":"fit"},"large":{"w":2048,"h":1536,"resize":"fit"}},"source_status_id":864925298516557824,"source_status_id_str":"864925298516557824","source_user_id":3974183234,"source_user_id_str":"3974183234"},{"id":864925276538523649,"id_str":"864925276538523649","indices":[81,104],"media_url":"http:\/\/pbs.twimg.com\/media\/DADU9NlV0AE5UmH.jpg","media_url_https":"https:\/\/pbs.twimg.com\/media\/DADU9NlV0AE5UmH.jpg","url":"https:\/\/t.co\/XHisNUsnb7","display_url":"pic.twitter.com\/XHisNUsnb7","expanded_url":"https:\/\/twitter.com\/Alice_mtg\/status\/864925298516557824\/photo\/1","type":"photo","sizes":{"small":{"w":680,"h":510,"resize":"fit"},"thumb":{"w":150,"h":150,"resize":"crop"},"large":{"w":2048,"h":1536,"resize":"fit"},"medium":{"w":1200,"h":900,"resize":"fit"}},"source_status_id":864925298516557824,"source_status_id_str":"864925298516557824","source_user_id":3974183234,"source_user_id_str":"3974183234"},{"id":864925276538421248,"id_str":"864925276538421248","indices":[81,104],"media_url":"http:\/\/pbs.twimg.com\/media\/DADU9NlUQAA0kiL.jpg","media_url_https":"https:\/\/pbs.twimg.com\/media\/DADU9NlUQAA0kiL.jpg","url":"https:\/\/t.co\/XHisNUsnb7","display_url":"pic.twitter.com\/XHisNUsnb7","expanded_url":"https:\/\/twitter.com\/Alice_mtg\/status\/864925298516557824\/photo\/1","type":"photo","sizes":{"large":{"w":2048,"h":1536,"resize":"fit"},"thumb":{"w":150,"h":150,"resize":"crop"},"medium":{"w":1200,"h":900,"resize":"fit"},"small":{"w":680,"h":510,"resize":"fit"}},"source_status_id":864925298516557824,"source_status_id_str":"864925298516557824","source_user_id":3974183234,"source_user_id_str":"3974183234"}]},"favorited":false,"retweeted":false,"possibly_sensitive":false,"filter_level":"low","lang":"ja","timestamp_ms":"1495062348541"}
{"created_at":"Wed May 17 23:06:48 +0000 2017","id":864980551173668864,"id_str":"864980551173668864","text":"RT @Alice_mtg: EDH\u3082\u3068\u308a\u3042\u3048\u305a\u7121\u4e8b\u5b8c\u6210\uff01\nMeren of Clan Nel Toth\n#\u30c7\u30c3\u30ad\u3092\u6652\u3057\u305f\u3089RT\u304c\u6765\u3066\u30d5\u30a9\u30ed\u30ef\u30fc\u304c\u5897\u3048\u308b\u3068\u805e\u3044\u3066 https:\/\/t.co\/XHisNUsnb7","source":"\u003ca href=\"http:\/\/twitter.com\/download\/android\" rel=\"nofollow\"\u003eTwitter for Android\u003c\/a\u003e","truncated":false,"in_reply_to_status_id":null,"in_reply_to_status_id_str":null,"in_reply_to_user_id":null,"in_reply_to_user_id_str":null,"in_reply_to_screen_name":null,"user":{"id":184021312,"id_str":"184021312","name":"\u304a\u304e\u304f\u3093","screen_name":"ogichan_tso","location":"Sunhome,Fortress of the Legion","url":"http:\/\/coronaboros1224.diarynote.jp","description":"Magic the Gathering(Legacy.Modern.EDH)\/Boros Legion\/\u62e1\u5f35\u30a2\u30fc\u30c8(MTGAlterer)\/Team.\u30b9\u30bf\u30a4\u30ea\u30c3\u30b7\u30e5\/Team.\u305f\u305d\u30b2\u30fc\u30e0\u30b9\/\u5b9f\u7e3e:BMO.Vol7(Legacy)9\u4f4d\n  BMO.Vol9(Legacy)12\u4f4d\/ \u30df\u30e5\u30fc\u30c8\u63a8\u5968\u30a2\u30ab\u30a6\u30f3\u30c8\/","protected":false,"verified":false,"followers_count":989,"friends_count":517,"listed_count":25,"favourites_count":111385,"statuses_count":114554,"created_at":"Sat Aug 28 13:53:03 +0000 2010","utc_offset":32400,"time_zone":"Tokyo","geo_enabled":false,"lang":"ja","contributors_enabled":false,"is_translator":false,"profile_background_color":"EBEBEB","profile_background_image_url":"http:\/\/abs.twimg.com\/images\/themes\/theme7\/bg.gif","profile_background_image_url_https":"https:\/\/abs.twimg.com\/images\/themes\/theme7\/bg.gif","profile_background_tile":false,"profile_link_color":"990000","profile_sidebar_border_color":"DFDFDF","profile_sidebar_fill_color":"F3F3F3","profile_text_color":"333333","profile_use_background_image":true,"profile_image_url":"http:\/\/pbs.twimg.com\/profile_images\/864978502361022465\/yAYZH-Q__normal.jpg","profile_image_url_https":"https:\/\/pbs.twimg.com\/profile_images\/864978502361022465\/yAYZH-Q__normal.jpg","profile_banner_url":"https:\/\/pbs.twimg.com\/profile_banners\/184021312\/1458488705","default_profile":false,"default_profile_image":false,"following":null,"follow_request_sent":null,"notifications":null},"geo":null,"coordinates":null,"place":null,"contributors":null,"retweeted_status":{"created_at":"Wed May 17 19:27:15 +0000 2017","id":864925298516557824,"id_str":"864925298516557824","text":"EDH\u3082\u3068\u308a\u3042\u3048\u305a\u7121\u4e8b\u5b8c\u6210\uff01\nMeren of Clan Nel Toth\n#\u30c7\u30c3\u30ad\u3092\u6652\u3057\u305f\u3089RT\u304c\u6765\u3066\u30d5\u30a9\u30ed\u30ef\u30fc\u304c\u5897\u3048\u308b\u3068\u805e\u3044\u3066 https:\/\/t.co\/XHisNUsnb7","display_text_range":[0,65],"source":"\u003ca href=\"http:\/\/twitter.com\/download\/iphone\" rel=\"nofollow\"\u003eTwitter for iPhone\u003c\/a\u003e","truncated":false,"in_reply_to_status_id":null,"in_reply_to_status_id_str":null,"in_reply_to_user_id":null,"in_reply_to_user_id_str":null,"in_reply_to_screen_name":null,"user":{"id":3974183234,"id_str":"3974183234","name":"\u3048\u306c\uff20MtG\u57a2 in \u30a2\u30e1\u30ea\u30ab","screen_name":"Alice_mtg","location":null,"url":null,"description":"\u4e3b\u306bMTG\u306b\u3064\u3044\u3066\u3064\u3076\u3084\u304f\u3067\u3042\u308d\u3046\u57a2 \u672c\u57a2@Alice_Enter\n\u30b9\u30bf\u30f3:\u305d\u306e\u6642\u3005\n\u30e2\u30c0\u30f3:\u9752\u30c8\u30ed\u30f3,\u9ed2\u5358\u4fe1\u5fc3,\u30b0\u30ea\u30b3\u30f3,\u30b0\u30ea\u30af\u30b7\u30b9\u30b7\u30e3\u30c9\u30a6,\u30ce\u30ea\u30f3\u30b7\u30b9\u30bf\u30fc\u30ba,\u9752\u8d64\u30b9\u30c8\u30fc\u30e0\n\u30ec\u30ac\u30b7\u30fc:\u9752\u767d\u30d6\u30ec\u30fc\u30c9\n\u4eca\u306f\u30a2\u30e1\u30ea\u30ab #\u3042\u308a\u3059mtg\u3081\u3082 \u30a2\u30a4\u30b3\u30f3\u306f@chippzannff\u3055\u3093\u304b\u3089","protected":false,"verified":false,"followers_count":282,"friends_count":257,"listed_count":10,"favourites_count":184,"statuses_count":9925,"created_at":"Wed Oct 21 23:40:31 +0000 2015","utc_offset":null,"time_zone":null,"geo_enabled":false,"lang":"ja","contributors_enabled":false,"is_translator":false,"profile_background_color":"000000","profile_background_image_url":"http:\/\/abs.twimg.com\/images\/themes\/theme1\/bg.png","profile_background_image_url_https":"https:\/\/abs.twimg.com\/images\/themes\/theme1\/bg.png","profile_background_tile":false,"profile_link_color":"E81C4F","profile_sidebar_border_color":"000000","profile_sidebar_fill_color":"000000","profile_text_color":"000000","profile_use_background_image":false,"profile_image_url":"http:\/\/pbs.twimg.com\/profile_images\/838831113023807488\/y3h1n-Ii_normal.jpg","profile_image_url_https":"https:\/\/pbs.twimg.com\/profile_images\/838831113023807488\/y3h1n-Ii_normal.jpg","profile_banner_url":"https:\/\/pbs.twimg.com\/profile_banners\/3974183234\/1445748749","default_profile":false,"default_profile_image":false,"following":null,"follow_request_sent":null,"notifications":null},"geo":null,"coordinates":null,"place":null,"contributors":null,"is_quote_status":false,"retweet_count":4,"favorite_count":5,"entities":{"hashtags":[{"text":"\u30c7\u30c3\u30ad\u3092\u6652\u3057\u305f\u3089RT\u304c\u6765\u3066\u30d5\u30a9\u30ed\u30ef\u30fc\u304c\u5897\u3048\u308b\u3068\u805e\u3044\u3066","indices":[38,65]}],"urls":[],"user_mentions":[],"symbols":[],"media":[{"id":864925276538458114,"id_str":"864925276538458114","indices":[66,89],"media_url":"http:\/\/pbs.twimg.com\/media\/DADU9NlU0AILqKp.jpg","media_url_https":"https:\/\/pbs.twimg.com\/media\/DADU9NlU0AILqKp.jpg","url":"https:\/\/t.co\/XHisNUsnb7","display_url":"pic.twitter.com\/XHisNUsnb7","expanded_url":"https:\/\/twitter.com\/Alice_mtg\/status\/864925298516557824\/photo\/1","type":"photo","sizes":{"medium":{"w":1200,"h":900,"resize":"fit"},"thumb":{"w":150,"h":150,"resize":"crop"},"small":{"w":680,"h":510,"resize":"fit"},"large":{"w":2048,"h":1536,"resize":"fit"}}}]},"extended_entities":{"media":[{"id":864925276538458114,"id_str":"864925276538458114","indices":[66,89],"media_url":"http:\/\/pbs.twimg.com\/media\/DADU9NlU0AILqKp.jpg","media_url_https":"https:\/\/pbs.twimg.com\/media\/DADU9NlU0AILqKp.jpg","url":"https:\/\/t.co\/XHisNUsnb7","display_url":"pic.twitter.com\/XHisNUsnb7","expanded_url":"https:\/\/twitter.com\/Alice_mtg\/status\/864925298516557824\/photo\/1","type":"photo","sizes":{"medium":{"w":1200,"h":900,"resize":"fit"},"thumb":{"w":150,"h":150,"resize":"crop"},"small":{"w":680,"h":510,"resize":"fit"},"large":{"w":2048,"h":1536,"resize":"fit"}}},{"id":864925276542717952,"id_str":"864925276542717952","indices":[66,89],"media_url":"http:\/\/pbs.twimg.com\/media\/DADU9NmV0AAczZW.jpg","media_url_https":"https:\/\/pbs.twimg.com\/media\/DADU9NmV0AAczZW.jpg","url":"https:\/\/t.co\/XHisNUsnb7","display_url":"pic.twitter.com\/XHisNUsnb7","expanded_url":"https:\/\/twitter.com\/Alice_mtg\/status\/864925298516557824\/photo\/1","type":"photo","sizes":{"small":{"w":680,"h":510,"resize":"fit"},"thumb":{"w":150,"h":150,"resize":"crop"},"medium":{"w":1200,"h":900,"resize":"fit"},"large":{"w":2048,"h":1536,"resize":"fit"}}},{"id":864925276538523649,"id_str":"864925276538523649","indices":[66,89],"media_url":"http:\/\/pbs.twimg.com\/media\/DADU9NlV0AE5UmH.jpg","media_url_https":"https:\/\/pbs.twimg.com\/media\/DADU9NlV0AE5UmH.jpg","url":"https:\/\/t.co\/XHisNUsnb7","display_url":"pic.twitter.com\/XHisNUsnb7","expanded_url":"https:\/\/twitter.com\/Alice_mtg\/status\/864925298516557824\/photo\/1","type":"photo","sizes":{"small":{"w":680,"h":510,"resize":"fit"},"thumb":{"w":150,"h":150,"resize":"crop"},"large":{"w":2048,"h":1536,"resize":"fit"},"medium":{"w":1200,"h":900,"resize":"fit"}}},{"id":864925276538421248,"id_str":"864925276538421248","indices":[66,89],"media_url":"http:\/\/pbs.twimg.com\/media\/DADU9NlUQAA0kiL.jpg","media_url_https":"https:\/\/pbs.twimg.com\/media\/DADU9NlUQAA0kiL.jpg","url":"https:\/\/t.co\/XHisNUsnb7","display_url":"pic.twitter.com\/XHisNUsnb7","expanded_url":"https:\/\/twitter.com\/Alice_mtg\/status\/864925298516557824\/photo\/1","type":"photo","sizes":{"large":{"w":2048,"h":1536,"resize":"fit"},"thumb":{"w":150,"h":150,"resize":"crop"},"medium":{"w":1200,"h":900,"resize":"fit"},"small":{"w":680,"h":510,"resize":"fit"}}}]},"favorited":false,"retweeted":false,"possibly_sensitive":false,"filter_level":"low","lang":"ja"},"is_quote_status":false,"retweet_count":0,"favorite_count":0,"entities":{"hashtags":[{"text":"\u30c7\u30c3\u30ad\u3092\u6652\u3057\u305f\u3089RT\u304c\u6765\u3066\u30d5\u30a9\u30ed\u30ef\u30fc\u304c\u5897\u3048\u308b\u3068\u805e\u3044\u3066","indices":[53,80]}],"urls":[],"user_mentions":[{"screen_name":"Alice_mtg","name":"\u3048\u306c\uff20MtG\u57a2 in \u30a2\u30e1\u30ea\u30ab","id":3974183234,"id_str":"3974183234","indices":[3,13]}],"symbols":[],"media":[{"id":864925276538458114,"id_str":"864925276538458114","indices":[81,104],"media_url":"http:\/\/pbs.twimg.com\/media\/DADU9NlU0AILqKp.jpg","media_url_https":"https:\/\/pbs.twimg.com\/media\/DADU9NlU0AILqKp.jpg","url":"https:\/\/t.co\/XHisNUsnb7","display_url":"pic.twitter.com\/XHisNUsnb7","expanded_url":"https:\/\/twitter.com\/Alice_mtg\/status\/864925298516557824\/photo\/1","type":"photo","sizes":{"medium":{"w":1200,"h":900,"resize":"fit"},"thumb":{"w":150,"h":150,"resize":"crop"},"small":{"w":680,"h":510,"resize":"fit"},"large":{"w":2048,"h":1536,"resize":"fit"}},"source_status_id":864925298516557824,"source_status_id_str":"864925298516557824","source_user_id":3974183234,"source_user_id_str":"3974183234"}]},"extended_entities":{"media":[{"id":864925276538458114,"id_str":"864925276538458114","indices":[81,104],"media_url":"http:\/\/pbs.twimg.com\/media\/DADU9NlU0AILqKp.jpg","media_url_https":"https:\/\/pbs.twimg.com\/media\/DADU9NlU0AILqKp.jpg","url":"https:\/\/t.co\/XHisNUsnb7","display_url":"pic.twitter.com\/XHisNUsnb7","expanded_url":"https:\/\/twitter.com\/Alice_mtg\/status\/864925298516557824\/photo\/1","type":"photo","sizes":{"medium":{"w":1200,"h":900,"resize":"fit"},"thumb":{"w":150,"h":150,"resize":"crop"},"small":{"w":680,"h":510,"resize":"fit"},"large":{"w":2048,"h":1536,"resize":"fit"}},"source_status_id":864925298516557824,"source_status_id_str":"864925298516557824","source_user_id":3974183234,"source_user_id_str":"3974183234"},{"id":864925276542717952,"id_str":"864925276542717952","indices":[81,104],"media_url":"http:\/\/pbs.twimg.com\/media\/DADU9NmV0AAczZW.jpg","media_url_https":"https:\/\/pbs.twimg.com\/media\/DADU9NmV0AAczZW.jpg","url":"https:\/\/t.co\/XHisNUsnb7","display_url":"pic.twitter.com\/XHisNUsnb7","expanded_url":"https:\/\/twitter.com\/Alice_mtg\/status\/864925298516557824\/photo\/1","type":"photo","sizes":{"small":{"w":680,"h":510,"resize":"fit"},"thumb":{"w":150,"h":150,"resize":"crop"},"medium":{"w":1200,"h":900,"resize":"fit"},"large":{"w":2048,"h":1536,"resize":"fit"}},"source_status_id":864925298516557824,"source_status_id_str":"864925298516557824","source_user_id":3974183234,"source_user_id_str":"3974183234"},{"id":864925276538523649,"id_str":"864925276538523649","indices":[81,104],"media_url":"http:\/\/pbs.twimg.com\/media\/DADU9NlV0AE5UmH.jpg","media_url_https":"https:\/\/pbs.twimg.com\/media\/DADU9NlV0AE5UmH.jpg","url":"https:\/\/t.co\/XHisNUsnb7","display_url":"pic.twitter.com\/XHisNUsnb7","expanded_url":"https:\/\/twitter.com\/Alice_mtg\/status\/864925298516557824\/photo\/1","type":"photo","sizes":{"small":{"w":680,"h":510,"resize":"fit"},"thumb":{"w":150,"h":150,"resize":"crop"},"large":{"w":2048,"h":1536,"resize":"fit"},"medium":{"w":1200,"h":900,"resize":"fit"}},"source_status_id":864925298516557824,"source_status_id_str":"864925298516557824","source_user_id":3974183234,"source_user_id_str":"3974183234"},{"id":864925276538421248,"id_str":"864925276538421248","indices":[81,104],"media_url":"http:\/\/pbs.twimg.com\/media\/DADU9NlUQAA0kiL.jpg","media_url_https":"https:\/\/pbs.twimg.com\/media\/DADU9NlUQAA0kiL.jpg","url":"https:\/\/t.co\/XHisNUsnb7","display_url":"pic.twitter.com\/XHisNUsnb7","expanded_url":"https:\/\/twitter.com\/Alice_mtg\/status\/864925298516557824\/photo\/1","type":"photo","sizes":{"large":{"w":2048,"h":1536,"resize":"fit"},"thumb":{"w":150,"h":150,"resize":"crop"},"medium":{"w":1200,"h":900,"resize":"fit"},"small":{"w":680,"h":510,"resize":"fit"}},"source_status_id":864925298516557824,"source_status_id_str":"864925298516557824","source_user_id":3974183234,"source_user_id_str":"3974183234"}]},"favorited":false,"retweeted":false,"possibly_sensitive":false,"filter_level":"low","lang":"ja","timestamp_ms":"1495062408618"}
{"created_at":"Wed May 17 23:14:18 +0000 2017","id":864982440087080961,"id_str":"864982440087080961","text":"@jfwong big fan of command zone, think I've made the worst EDH deck possible. https:\/\/t.co\/jwLwO5uGEt","source":"\u003ca href=\"http:\/\/twitter.com\/download\/android\" rel=\"nofollow\"\u003eTwitter for Android\u003c\/a\u003e","truncated":false,"in_reply_to_status_id":null,"in_reply_to_status_id_str":null,"in_reply_to_user_id":45406850,"in_reply_to_user_id_str":"45406850","in_reply_to_screen_name":"jfwong","user":{"id":134694499,"id_str":"134694499","name":"David Yee","screen_name":"Yeeroy418","location":"Houston","url":null,"description":"I like comic books and games. Wolverine is my favorite mutant. EDH is the best. TSM and Echo Fox are the hope of NALCS. Dyrus is the 3rd best streamer.","protected":false,"verified":false,"followers_count":64,"friends_count":360,"listed_count":1,"favourites_count":6579,"statuses_count":1871,"created_at":"Mon Apr 19 05:25:33 +0000 2010","utc_offset":-18000,"time_zone":"America\/Chicago","geo_enabled":false,"lang":"en","contributors_enabled":false,"is_translator":false,"profile_background_color":"1A1B1F","profile_background_image_url":"http:\/\/abs.twimg.com\/images\/themes\/theme9\/bg.gif","profile_background_image_url_https":"https:\/\/abs.twimg.com\/images\/themes\/theme9\/bg.gif","profile_background_tile":false,"profile_link_color":"2FC2EF","profile_sidebar_border_color":"181A1E","profile_sidebar_fill_color":"252429","profile_text_color":"666666","profile_use_background_image":true,"profile_image_url":"http:\/\/pbs.twimg.com\/profile_images\/827351346173054976\/AEJYLPrb_normal.jpg","profile_image_url_https":"https:\/\/pbs.twimg.com\/profile_images\/827351346173054976\/AEJYLPrb_normal.jpg","default_profile":false,"default_profile_image":false,"following":null,"follow_request_sent":null,"notifications":null},"geo":null,"coordinates":null,"place":null,"contributors":null,"is_quote_status":false,"retweet_count":0,"favorite_count":0,"entities":{"hashtags":[],"urls":[{"url":"https:\/\/t.co\/jwLwO5uGEt","expanded_url":"http:\/\/tappedout.net\/mtg-decks\/5-color-lottery\/","display_url":"tappedout.net\/mtg-decks\/5-co\u2026","indices":[78,101]}],"user_mentions":[{"screen_name":"jfwong","name":"Jimmy Wong \ud83c\udf4d\ud83c\udf55","id":45406850,"id_str":"45406850","indices":[0,7]}],"symbols":[]},"favorited":false,"retweeted":false,"possibly_sensitive":false,"filter_level":"low","lang":"en","timestamp_ms":"1495062858970"}
